{
  "CE40": {
    "players": [
      "\uc804\uc774\uc81c\uac11\uc624\uac1c\ud601"
    ],
    "status": "started"
  },
  "7UG7": {
    "players": [
      "\ub09c\uc774\uc81c \uac11\uc624\uac1c\ud601"
    ],
    "status": "started"
  },
  "O3GF": {
    "players": [
      "\ub09c\uc774\uc81c \uac11\uc624\uac1c\ud601"
    ],
    "status": "started"
  },
  "UKU1": {
    "players": [
      "\ub09c\uc774\uc81c \uac11\uc624\uac1c\ud601"
    ],
    "status": "started"
  },
  "1QUD": {
    "players": [
      "\ub09c\uc774\uc81c \uac11\uc624\uac1c\ud601"
    ],
    "status": "started"
  },
  "SSBE": {
    "players": [
      "\ub09c\uc774\uc81c \uac11\uc624\uac1c\ud601"
    ],
    "status": "started"
  },
  "MT0H": {
    "players": [
      "\ub09c\uc774\uc81c \uac11\uc624\uac1c\ud601"
    ],
    "status": "waiting"
  },
  "TZG3": {
    "players": [
      "\ub09c\uc774\uc81c \uac11\uc624\uac1c\ud601"
    ],
    "status": "waiting"
  },
  "2C93": {
    "players": [
      "\ub09c\uc774\uc81c\uac11\uc624\uac1c\ud601"
    ],
    "status": "waiting"
  },
  "AUX8": {
    "players": [
      "\ub09c\uc774\uc81c\uac11\uc624\uac1c\ud601"
    ],
    "status": "waiting"
  },
  "2CYG": {
    "players": [
      "\ub09c\uc774\uc81c\uac11\uc624\uac1c\ud601"
    ],
    "status": "waiting"
  },
  "5XRH": {
    "players": [
      "\ub09c\uc774\uc81c\uac11\uc624\uac1c\ud601"
    ],
    "status": "waiting"
  },
  "5W21": {
    "players": [
      "\ub09c\uc774\uc81c\uac11\uc624\uac1c\ud601"
    ],
    "status": "started"
  },
  "D0MZ": {
    "players": [
      "\ub09c\uc774\uc81c\uac11\uc624\uac1c\ud601"
    ],
    "status": "waiting"
  },
  "XB23": {
    "players": [
      "\ub09c\uc774\uc81c\uac11\uc624\uac1c\ud601"
    ],
    "status": "started"
  },
  "DSJH": {
    "players": [
      "\ub09c\uc774\uc81c\uac11\uc624\uac1c\ud601"
    ],
    "status": "started"
  },
  "0XAD": {
    "players": [
      "\ub09c\uc774\uc81c\uac11\uc624\uac1c\ud601"
    ],
    "status": "waiting"
  },
  "XVWT": {
    "players": [
      "\ub09c\uc774\uc81c\uac11\uc624\uac1c\ud601"
    ],
    "status": "waiting"
  },
  "0V1N": {
    "players": [
      "\ub09c\uc774\uc81c\uac11\uc624\uac1c\ud601"
    ],
    "status": "waiting"
  },
  "3QT0": {
    "players": [
      "\ub09c\uc774\uc81c\uac11\uc624\uac1c\ud601"
    ],
    "status": "waiting"
  },
  "CRPP": {
    "players": [
      "\ub09c\uc774\uc81c\uac11\uc624\uac1c\ud601"
    ],
    "status": "waiting"
  },
  "HSHB": {
    "players": [
      "\ub09c\uc774\uc81c\uac11\uc624\uac1c\ud601"
    ],
    "status": "started"
  },
  "BD2L": {
    "players": [
      "\ub09c\uc774\uc81c\uac11\uc624\uac1c\ud601"
    ],
    "status": "waiting"
  },
  "YYVZ": {
    "players": [
      "\ub09c\uc774\uc81c\uac11\uc624\uac1c\ud601"
    ],
    "status": "waiting"
  },
  "RZJB": {
    "players": [
      "\ub09c\uc774\uc81c\uac11\uc624\uac1c\ud601"
    ],
    "status": "waiting"
  },
  "4GPC": {
    "players": [
      "\ub09c\uc774\uc81c\uac11\uc624\uac1c\ud601"
    ],
    "status": "waiting"
  },
  "W0JW": {
    "players": [
      "\ub09c\uc774\uc81c\uac11\uc624\uac1c\ud601"
    ],
    "status": "started"
  },
  "LF2L": {
    "players": [
      "\ub09c\uc774\uc81c\uac11\uc624\uac1c\ud601"
    ],
    "status": "started"
  },
  "WGQ2": {
    "players": [
      "\ub09c\uc774\uc81c\uac11\uc624\uac1c\ud601"
    ],
    "status": "waiting"
  },
  "9AZ5": {
    "players": [
      "\ub09c\uc774\uc81c\uac11\uc624\uac1c\ud601"
    ],
    "status": "started"
  },
  "GODN": {
    "players": [
      "\ub09c\uc774\uc81c\uac11\uc624\uac1c\ud601"
    ],
    "status": "started"
  },
  "I0WV": {
    "players": {
      "\ub09c\uc774\uc81c\uac11\uc624\uac1c\ud601": {
        "submitted": false,
        "scenario": "",
        "situation": ""
      }
    },
    "status": "started",
    "situation": "",
    "result": ""
  },
  "4YY1": {
    "players": {
      "\ub09c\uc774\uc81c\uac11\uc624\uac1c\ud601": {
        "submitted": false,
        "scenario": "",
        "situation": ""
      }
    },
    "status": "started",
    "situation": "",
    "result": ""
  },
  "4ERY": {
    "players": {
      "\ub09c\uc774\uc81c\uac11\uc624\uac1c\ud601": {
        "submitted": false,
        "scenario": "",
        "situation": ""
      }
    },
    "status": "started",
    "situation": "",
    "result": ""
  },
  "QXQD": {
    "players": {
      "\ub09c\uc774\uc81c\uac11\uc624\uac1c\ud601": {
        "submitted": false,
        "scenario": "",
        "situation": ""
      }
    },
    "status": "waiting",
    "situation": "",
    "result": ""
  }
}