{
  "H9YI": {
    "players": {
      "\ucb48\ub2c8": {
        "submitted": true,
        "scenario": "\uc8fd\ub294\ub2e4",
        "situation": "\ub85c\ubd07\uc774 \ubc18\ub780\uc744 \uc77c\uc73c\ucf30\uc2b5\ub2c8\ub2e4.",
        "survived_count": 1
      }
    },
    "status": "started",
    "situation": "\ub85c\ubd07\uc774 \ubc18\ub780\uc744 \uc77c\uc73c\ucf30\uc2b5\ub2c8\ub2e4.",
    "result": "",
    "current_round": 2,
    "total_rounds": 2,
    "results": {
      "1": "- \ucb48\ub2c8: \uc0dd\uc874. \ubc18\ub780\uc744 \uc77c\uc73c\ud0a8 \ub85c\ubd07\uc740 \uc2e4\uc81c\ub85c\ub294 \uce5c\uad6c\uac00 \ub418\uc5b4 \uce58\uc774\ub294 \ud55c\ud310 \uc2a4\ud2b8\ub9ac\ud2b8 \ud30c\uc774\ud130\ub85c \uacb0\ud22c\ub97c \ub05d\ub0c8\ub2e4... \uace0\ub9c8\uc6cc, \ub85c\ubd07 \uce5c\uad6c!",
      "2": "- \ucb48\ub2c8: \uc0ac\ub9dd. \ub85c\ubd07\ub4e4\uc5d0\uac8c \ub2ec\ub824\ub4e4\ub2e4\uac00 \ub2e4\ub9ac\uc5d0 \uac78\ub824 \ub118\uc5b4\uc9c4 \ud6c4, \ub85c\ubd07 \ud314\uc5d0 \ubc1f\ud600 \uc989\uc2dc \uc804\ud22c \ubd88\ub2a5 \uc0c1\ud0dc\uac00 \ub418\uc5c8\ub2e4\u2026 \uadf8\ub098\ub9c8 \uae0d\uc815\uc801\uc778 \uc810\uc774\ub77c\uba74 \uadf8\uac00 \uc5f0\uad6c\ud55c AI \uc81c\uc5b4 \ucf54\ub4dc\ub294 \uc131\uacf5\uc801\uc73c\ub85c \uc804\uc1a1\ub418\uc5c8\ub2e4\ub294 \uac83. \uadf9\uc801\uc774\uc9c0\ub9cc \uc544\uc27d\uac8c\ub3c4 \uadf8\uc758 \ud76c\ubbf8\ud55c \ud76c\ub9dd\uc740 \uc560\ud0c0\ub294 \ube44\uba85\uacfc \ud568\uaed8 \uc0ac\ub77c\uc84c\ub2e4."
    },
    "round_situations": {}
  },
  "NN2V": {
    "players": {
      "\u3147\u3147": {
        "submitted": false,
        "scenario": "",
        "situation": ""
      }
    },
    "status": "started",
    "situation": "",
    "result": "",
    "current_round": 1,
    "total_rounds": 3,
    "round_situations": {}
  },
  "DF60": {
    "players": {
      "\u3147\u3147": {
        "submitted": false,
        "scenario": "",
        "situation": ""
      }
    },
    "status": "started",
    "situation": "",
    "result": "",
    "current_round": 1,
    "total_rounds": 3,
    "round_situations": {}
  },
  "0F0A": {
    "players": {
      "\u3147\u3147": {
        "submitted": false,
        "scenario": "",
        "situation": ""
      }
    },
    "status": "started",
    "situation": "",
    "result": "",
    "current_round": 1,
    "total_rounds": 3,
    "round_situations": {}
  },
  "EKF6": {
    "players": {
      "\u3147\u3147": {
        "submitted": false,
        "scenario": "",
        "situation": ""
      }
    },
    "status": "started",
    "situation": "",
    "result": "",
    "current_round": 1,
    "total_rounds": 3,
    "round_situations": {}
  },
  "BMQG": {
    "players": {
      "\u3147\u3147": {
        "submitted": false,
        "scenario": "",
        "situation": ""
      }
    },
    "status": "started",
    "situation": "",
    "result": "",
    "current_round": 1,
    "total_rounds": 3,
    "round_situations": {}
  },
  "9QBR": {
    "players": {
      "\uc6d0\uc131\ubbfc \ub0a8\uc790\uce5c\uad6c \uc11c\uc6a9\uc900": {
        "submitted": false,
        "scenario": "",
        "situation": "\uc880\ube44\uac00 \ubcbd\uc744 \ub6ab\uace0 \ub4e4\uc5b4\uc654\uc2b5\ub2c8\ub2e4.",
        "survived_count": 0,
        "rounds_results": {}
      }
    },
    "status": "started",
    "situation": "\uc880\ube44\uac00 \ubcbd\uc744 \ub6ab\uace0 \ub4e4\uc5b4\uc654\uc2b5\ub2c8\ub2e4.",
    "result": "",
    "current_round": 1,
    "total_rounds": 3,
    "round_situations": {
      "1": "\uc880\ube44\uac00 \ubcbd\uc744 \ub6ab\uace0 \ub4e4\uc5b4\uc654\uc2b5\ub2c8\ub2e4."
    }
  },
  "SAZP": {
    "players": {
      "\u3147\u3147": {
        "submitted": false,
        "scenario": "",
        "situation": "\ubc14\ub2e4 \ud55c\uac00\uc6b4\ub370\uc11c \uc0c1\uc5b4 \ub5bc\ub97c \ub9cc\ub0ac\uc2b5\ub2c8\ub2e4.",
        "survived_count": 0,
        "rounds_results": {}
      }
    },
    "status": "started",
    "situation": "\ubc14\ub2e4 \ud55c\uac00\uc6b4\ub370\uc11c \uc0c1\uc5b4 \ub5bc\ub97c \ub9cc\ub0ac\uc2b5\ub2c8\ub2e4.",
    "result": "",
    "current_round": 1,
    "total_rounds": 3,
    "round_situations": {
      "1": "\ubc14\ub2e4 \ud55c\uac00\uc6b4\ub370\uc11c \uc0c1\uc5b4 \ub5bc\ub97c \ub9cc\ub0ac\uc2b5\ub2c8\ub2e4."
    }
  },
  "W1O0": {
    "players": {
      "\u3147\u3147": {
        "submitted": false,
        "scenario": "",
        "situation": "\uac70\ub300\ud55c \ud0c0\uc784\ub8e8\ud504\uc5d0 \uac07\ud614\uc2b5\ub2c8\ub2e4.",
        "survived_count": 0,
        "rounds_results": {}
      }
    },
    "status": "started",
    "situation": "\uac70\ub300\ud55c \ud0c0\uc784\ub8e8\ud504\uc5d0 \uac07\ud614\uc2b5\ub2c8\ub2e4.",
    "result": "",
    "current_round": 1,
    "total_rounds": 3,
    "round_situations": {
      "1": "\uac70\ub300\ud55c \ud0c0\uc784\ub8e8\ud504\uc5d0 \uac07\ud614\uc2b5\ub2c8\ub2e4."
    }
  },
  "VAUH": {
    "players": {
      "\u3147\u3147": {
        "submitted": false,
        "scenario": "",
        "situation": "\uac74\ubb3c\uc5d0 \ubd88\uc774 \ub0ac\uc2b5\ub2c8\ub2e4.",
        "survived_count": 0,
        "rounds_results": {}
      }
    },
    "status": "started",
    "situation": "\uac74\ubb3c\uc5d0 \ubd88\uc774 \ub0ac\uc2b5\ub2c8\ub2e4.",
    "result": "",
    "current_round": 1,
    "total_rounds": 3,
    "round_situations": {
      "1": "\uac74\ubb3c\uc5d0 \ubd88\uc774 \ub0ac\uc2b5\ub2c8\ub2e4."
    }
  },
  "QW4O": {
    "players": {
      "\u3147\u3147": {
        "submitted": false,
        "scenario": "",
        "situation": "\ubc14\ub2e4 \ud55c\uac00\uc6b4\ub370\uc11c \uc0c1\uc5b4 \ub5bc\ub97c \ub9cc\ub0ac\uc2b5\ub2c8\ub2e4.",
        "survived_count": 0,
        "rounds_results": {}
      }
    },
    "status": "started",
    "situation": "\ubc14\ub2e4 \ud55c\uac00\uc6b4\ub370\uc11c \uc0c1\uc5b4 \ub5bc\ub97c \ub9cc\ub0ac\uc2b5\ub2c8\ub2e4.",
    "result": "",
    "current_round": 1,
    "total_rounds": 3,
    "round_situations": {
      "1": "\ubc14\ub2e4 \ud55c\uac00\uc6b4\ub370\uc11c \uc0c1\uc5b4 \ub5bc\ub97c \ub9cc\ub0ac\uc2b5\ub2c8\ub2e4."
    }
  },
  "71GQ": {
    "players": {
      "\u3147\u3147": {
        "submitted": false,
        "scenario": "",
        "situation": "\ube44\ud589\uae30\uc5d0\uc11c \ub099\ud558\uc0b0 \uc5c6\uc774 \ub5a8\uc5b4\uc84c\uc2b5\ub2c8\ub2e4.",
        "survived_count": 0,
        "rounds_results": {}
      }
    },
    "status": "started",
    "situation": "\ube44\ud589\uae30\uc5d0\uc11c \ub099\ud558\uc0b0 \uc5c6\uc774 \ub5a8\uc5b4\uc84c\uc2b5\ub2c8\ub2e4.",
    "result": "",
    "current_round": 1,
    "total_rounds": 3,
    "round_situations": {
      "1": "\ube44\ud589\uae30\uc5d0\uc11c \ub099\ud558\uc0b0 \uc5c6\uc774 \ub5a8\uc5b4\uc84c\uc2b5\ub2c8\ub2e4."
    }
  },
  "E4OY": {
    "players": {
      "\u3147\u3147": {
        "submitted": false,
        "scenario": "",
        "situation": "\uc9c0\uc9c4\uc73c\ub85c \uac74\ubb3c\uc774 \ubb34\ub108\uc9c0\uace0 \uc788\uc2b5\ub2c8\ub2e4.",
        "survived_count": 0,
        "rounds_results": {}
      }
    },
    "status": "started",
    "situation": "\uc9c0\uc9c4\uc73c\ub85c \uac74\ubb3c\uc774 \ubb34\ub108\uc9c0\uace0 \uc788\uc2b5\ub2c8\ub2e4.",
    "result": "",
    "current_round": 1,
    "total_rounds": 3,
    "round_situations": {
      "1": "\uc9c0\uc9c4\uc73c\ub85c \uac74\ubb3c\uc774 \ubb34\ub108\uc9c0\uace0 \uc788\uc2b5\ub2c8\ub2e4."
    }
  },
  "JFO6": {
    "players": {
      "\u3147": {
        "submitted": false,
        "scenario": "",
        "situation": "\uc880\ube44\uac00 \ubcbd\uc744 \ub6ab\uace0 \ub4e4\uc5b4\uc654\uc2b5\ub2c8\ub2e4.",
        "survived_count": 0,
        "rounds_results": {}
      }
    },
    "status": "started",
    "situation": "\uc880\ube44\uac00 \ubcbd\uc744 \ub6ab\uace0 \ub4e4\uc5b4\uc654\uc2b5\ub2c8\ub2e4.",
    "result": "",
    "current_round": 1,
    "total_rounds": 3,
    "round_situations": {
      "1": "\uc880\ube44\uac00 \ubcbd\uc744 \ub6ab\uace0 \ub4e4\uc5b4\uc654\uc2b5\ub2c8\ub2e4."
    }
  },
  "A1TL": {
    "players": {
      "3": {
        "submitted": false,
        "scenario": "",
        "situation": "\ub208\ub36e\uc778 \uc0b0\uc18d\uc5d0 \uace0\ub9bd\ub418\uc5c8\uc2b5\ub2c8\ub2e4.",
        "survived_count": 0,
        "rounds_results": {}
      }
    },
    "status": "started",
    "situation": "\ub208\ub36e\uc778 \uc0b0\uc18d\uc5d0 \uace0\ub9bd\ub418\uc5c8\uc2b5\ub2c8\ub2e4.",
    "result": "",
    "current_round": 1,
    "total_rounds": 3,
    "round_situations": {
      "1": "\ub208\ub36e\uc778 \uc0b0\uc18d\uc5d0 \uace0\ub9bd\ub418\uc5c8\uc2b5\ub2c8\ub2e4."
    }
  },
  "J9TC": {
    "players": {
      "\u3147": {
        "submitted": false,
        "scenario": "",
        "situation": "\uac74\ubb3c\uc5d0 \ubd88\uc774 \ub0ac\uc2b5\ub2c8\ub2e4.",
        "survived_count": 0,
        "rounds_results": {}
      }
    },
    "status": "started",
    "situation": "\uac74\ubb3c\uc5d0 \ubd88\uc774 \ub0ac\uc2b5\ub2c8\ub2e4.",
    "result": "",
    "current_round": 1,
    "total_rounds": 3,
    "round_situations": {
      "1": "\uac74\ubb3c\uc5d0 \ubd88\uc774 \ub0ac\uc2b5\ub2c8\ub2e4."
    }
  },
  "BBG1": {
    "players": {
      "\u3147": {
        "submitted": false,
        "scenario": "",
        "situation": "\ubc14\ub2e4 \ud55c\uac00\uc6b4\ub370\uc11c \uc0c1\uc5b4 \ub5bc\ub97c \ub9cc\ub0ac\uc2b5\ub2c8\ub2e4.",
        "survived_count": 0,
        "rounds_results": {}
      }
    },
    "status": "started",
    "situation": "\ubc14\ub2e4 \ud55c\uac00\uc6b4\ub370\uc11c \uc0c1\uc5b4 \ub5bc\ub97c \ub9cc\ub0ac\uc2b5\ub2c8\ub2e4.",
    "result": "",
    "current_round": 1,
    "total_rounds": 3,
    "round_situations": {
      "1": "\ubc14\ub2e4 \ud55c\uac00\uc6b4\ub370\uc11c \uc0c1\uc5b4 \ub5bc\ub97c \ub9cc\ub0ac\uc2b5\ub2c8\ub2e4."
    }
  },
  "00TH": {
    "players": {
      "\u3147": {
        "submitted": false,
        "scenario": "",
        "situation": "\uac74\ubb3c\uc5d0 \ubd88\uc774 \ub0ac\uc2b5\ub2c8\ub2e4.",
        "survived_count": 0,
        "rounds_results": {}
      }
    },
    "status": "started",
    "situation": "\uac74\ubb3c\uc5d0 \ubd88\uc774 \ub0ac\uc2b5\ub2c8\ub2e4.",
    "result": "",
    "current_round": 1,
    "total_rounds": 3,
    "round_situations": {
      "1": "\uac74\ubb3c\uc5d0 \ubd88\uc774 \ub0ac\uc2b5\ub2c8\ub2e4."
    }
  },
  "ZK4A": {
    "players": {
      "\u3147": {
        "submitted": false,
        "scenario": "",
        "situation": "\uc880\ube44\uac00 \ubcbd\uc744 \ub6ab\uace0 \ub4e4\uc5b4\uc654\uc2b5\ub2c8\ub2e4.",
        "survived_count": 0,
        "rounds_results": {}
      }
    },
    "status": "started",
    "situation": "\uc880\ube44\uac00 \ubcbd\uc744 \ub6ab\uace0 \ub4e4\uc5b4\uc654\uc2b5\ub2c8\ub2e4.",
    "result": "",
    "current_round": 1,
    "total_rounds": 3,
    "round_situations": {
      "1": "\uc880\ube44\uac00 \ubcbd\uc744 \ub6ab\uace0 \ub4e4\uc5b4\uc654\uc2b5\ub2c8\ub2e4."
    }
  },
  "5972": {
    "players": {
      "\u3147": {
        "submitted": false,
        "scenario": "",
        "situation": "\uc0ac\uc790\uac00 \ucad3\uc544\uc624\uace0 \uc788\uc2b5\ub2c8\ub2e4.",
        "survived_count": 0,
        "rounds_results": {}
      }
    },
    "status": "started",
    "situation": "\uc0ac\uc790\uac00 \ucad3\uc544\uc624\uace0 \uc788\uc2b5\ub2c8\ub2e4.",
    "result": "",
    "current_round": 1,
    "total_rounds": 3,
    "round_situations": {
      "1": "\uc0ac\uc790\uac00 \ucad3\uc544\uc624\uace0 \uc788\uc2b5\ub2c8\ub2e4."
    }
  },
  "FBOG": {
    "players": {
      "\u3147": {
        "submitted": false,
        "scenario": "",
        "situation": "\ubc14\ub2e4 \ud55c\uac00\uc6b4\ub370\uc11c \uc0c1\uc5b4 \ub5bc\ub97c \ub9cc\ub0ac\uc2b5\ub2c8\ub2e4.",
        "survived_count": 0,
        "rounds_results": {}
      }
    },
    "status": "started",
    "situation": "\ubc14\ub2e4 \ud55c\uac00\uc6b4\ub370\uc11c \uc0c1\uc5b4 \ub5bc\ub97c \ub9cc\ub0ac\uc2b5\ub2c8\ub2e4.",
    "result": "",
    "current_round": 1,
    "total_rounds": 3,
    "round_situations": {
      "1": "\ubc14\ub2e4 \ud55c\uac00\uc6b4\ub370\uc11c \uc0c1\uc5b4 \ub5bc\ub97c \ub9cc\ub0ac\uc2b5\ub2c8\ub2e4."
    }
  },
  "KQIF": {
    "players": {
      "\u3147": {
        "submitted": false,
        "scenario": "",
        "situation": "\uc6b0\uc8fc\uc120 \uc0b0\uc18c\uac00 \uace0\uac08\ub418\uace0 \uc788\uc2b5\ub2c8\ub2e4.",
        "survived_count": 0,
        "rounds_results": {}
      }
    },
    "status": "started",
    "situation": "\uc6b0\uc8fc\uc120 \uc0b0\uc18c\uac00 \uace0\uac08\ub418\uace0 \uc788\uc2b5\ub2c8\ub2e4.",
    "result": "",
    "current_round": 1,
    "total_rounds": 3,
    "round_situations": {
      "1": "\uc6b0\uc8fc\uc120 \uc0b0\uc18c\uac00 \uace0\uac08\ub418\uace0 \uc788\uc2b5\ub2c8\ub2e4."
    }
  },
  "OS96": {
    "players": {
      "\u3147\u3147": {
        "submitted": false,
        "scenario": "",
        "situation": "\uc0ac\uc790\uac00 \ucad3\uc544\uc624\uace0 \uc788\uc2b5\ub2c8\ub2e4.",
        "survived_count": 0,
        "rounds_results": {}
      }
    },
    "status": "started",
    "situation": "\uc0ac\uc790\uac00 \ucad3\uc544\uc624\uace0 \uc788\uc2b5\ub2c8\ub2e4.",
    "result": "",
    "current_round": 1,
    "total_rounds": 3,
    "round_situations": {
      "1": "\uc0ac\uc790\uac00 \ucad3\uc544\uc624\uace0 \uc788\uc2b5\ub2c8\ub2e4."
    }
  },
  "ASFA": {
    "players": {
      "\u3147\u3147": {
        "submitted": false,
        "scenario": "",
        "situation": "\uac70\ub300\ud55c \ud0c0\uc784\ub8e8\ud504\uc5d0 \uac07\ud614\uc2b5\ub2c8\ub2e4.",
        "survived_count": 0,
        "rounds_results": {}
      }
    },
    "status": "started",
    "situation": "\uac70\ub300\ud55c \ud0c0\uc784\ub8e8\ud504\uc5d0 \uac07\ud614\uc2b5\ub2c8\ub2e4.",
    "result": "",
    "current_round": 1,
    "total_rounds": 3,
    "round_situations": {
      "1": "\uac70\ub300\ud55c \ud0c0\uc784\ub8e8\ud504\uc5d0 \uac07\ud614\uc2b5\ub2c8\ub2e4."
    }
  },
  "2WDH": {
    "players": {
      "\u3147\u3147": {
        "submitted": false,
        "scenario": "",
        "situation": "\uac70\ub300\ud55c \ud0c0\uc784\ub8e8\ud504\uc5d0 \uac07\ud614\uc2b5\ub2c8\ub2e4.",
        "survived_count": 0,
        "rounds_results": {}
      }
    },
    "status": "started",
    "situation": "\uac70\ub300\ud55c \ud0c0\uc784\ub8e8\ud504\uc5d0 \uac07\ud614\uc2b5\ub2c8\ub2e4.",
    "result": "",
    "current_round": 1,
    "total_rounds": 3,
    "round_situations": {
      "1": "\uac70\ub300\ud55c \ud0c0\uc784\ub8e8\ud504\uc5d0 \uac07\ud614\uc2b5\ub2c8\ub2e4."
    }
  },
  "M4Y4": {
    "players": {
      "\u3147\u3147": {
        "submitted": false,
        "scenario": "",
        "situation": "\uac70\ub300\ud55c \ud0c0\uc784\ub8e8\ud504\uc5d0 \uac07\ud614\uc2b5\ub2c8\ub2e4.",
        "survived_count": 0,
        "rounds_results": {}
      }
    },
    "status": "started",
    "situation": "\uac70\ub300\ud55c \ud0c0\uc784\ub8e8\ud504\uc5d0 \uac07\ud614\uc2b5\ub2c8\ub2e4.",
    "result": "",
    "current_round": 1,
    "total_rounds": 3,
    "round_situations": {
      "1": "\uac70\ub300\ud55c \ud0c0\uc784\ub8e8\ud504\uc5d0 \uac07\ud614\uc2b5\ub2c8\ub2e4."
    }
  },
  "DNH1": {
    "players": {
      "\u3147\u3147": {
        "submitted": false,
        "scenario": "",
        "situation": "\uc6b0\uc8fc\uc120 \uc0b0\uc18c\uac00 \uace0\uac08\ub418\uace0 \uc788\uc2b5\ub2c8\ub2e4.",
        "survived_count": 0,
        "rounds_results": {}
      }
    },
    "status": "started",
    "situation": "\uc6b0\uc8fc\uc120 \uc0b0\uc18c\uac00 \uace0\uac08\ub418\uace0 \uc788\uc2b5\ub2c8\ub2e4.",
    "result": "",
    "current_round": 1,
    "total_rounds": 3,
    "round_situations": {
      "1": "\uc6b0\uc8fc\uc120 \uc0b0\uc18c\uac00 \uace0\uac08\ub418\uace0 \uc788\uc2b5\ub2c8\ub2e4."
    }
  },
  "VJ0Q": {
    "players": {
      "\u3147\u3147": {
        "submitted": false,
        "scenario": "",
        "situation": "\uac74\ubb3c\uc5d0 \ubd88\uc774 \ub0ac\uc2b5\ub2c8\ub2e4.",
        "survived_count": 0,
        "rounds_results": {}
      }
    },
    "status": "started",
    "situation": "\uac74\ubb3c\uc5d0 \ubd88\uc774 \ub0ac\uc2b5\ub2c8\ub2e4.",
    "result": "",
    "current_round": 1,
    "total_rounds": 3,
    "round_situations": {
      "1": "\uac74\ubb3c\uc5d0 \ubd88\uc774 \ub0ac\uc2b5\ub2c8\ub2e4."
    }
  },
  "3CFY": {
    "players": {
      "\u3147\u3147": {
        "submitted": false,
        "scenario": "",
        "situation": "\ub85c\ubd07\uc774 \ubc18\ub780\uc744 \uc77c\uc73c\ucf30\uc2b5\ub2c8\ub2e4.",
        "survived_count": 0,
        "rounds_results": {}
      }
    },
    "status": "started",
    "situation": "\ub85c\ubd07\uc774 \ubc18\ub780\uc744 \uc77c\uc73c\ucf30\uc2b5\ub2c8\ub2e4.",
    "result": "",
    "current_round": 1,
    "total_rounds": 3,
    "round_situations": {
      "1": "\ub85c\ubd07\uc774 \ubc18\ub780\uc744 \uc77c\uc73c\ucf30\uc2b5\ub2c8\ub2e4."
    }
  },
  "CZNF": {
    "players": {
      "\u3147": {
        "submitted": false,
        "scenario": "",
        "situation": "\uac70\ub300\ud55c \ud0c0\uc784\ub8e8\ud504\uc5d0 \uac07\ud614\uc2b5\ub2c8\ub2e4.",
        "survived_count": 0,
        "rounds_results": {}
      }
    },
    "status": "started",
    "situation": "\uac70\ub300\ud55c \ud0c0\uc784\ub8e8\ud504\uc5d0 \uac07\ud614\uc2b5\ub2c8\ub2e4.",
    "result": "",
    "current_round": 1,
    "total_rounds": 3,
    "round_situations": {
      "1": "\uac70\ub300\ud55c \ud0c0\uc784\ub8e8\ud504\uc5d0 \uac07\ud614\uc2b5\ub2c8\ub2e4."
    }
  },
  "ZAB2": {
    "players": {
      "\u3147": {
        "submitted": false,
        "scenario": "",
        "situation": "\uac74\ubb3c\uc5d0 \ubd88\uc774 \ub0ac\uc2b5\ub2c8\ub2e4.",
        "survived_count": 0,
        "rounds_results": {}
      }
    },
    "status": "started",
    "situation": "\uac74\ubb3c\uc5d0 \ubd88\uc774 \ub0ac\uc2b5\ub2c8\ub2e4.",
    "result": "",
    "current_round": 1,
    "total_rounds": 3,
    "round_situations": {
      "1": "\uac74\ubb3c\uc5d0 \ubd88\uc774 \ub0ac\uc2b5\ub2c8\ub2e4."
    }
  },
  "N7J7": {
    "players": {
      "\u3147": {
        "submitted": false,
        "scenario": "",
        "situation": "\uc880\ube44\uac00 \ubcbd\uc744 \ub6ab\uace0 \ub4e4\uc5b4\uc654\uc2b5\ub2c8\ub2e4.",
        "survived_count": 0,
        "rounds_results": {}
      }
    },
    "status": "started",
    "situation": "\uc880\ube44\uac00 \ubcbd\uc744 \ub6ab\uace0 \ub4e4\uc5b4\uc654\uc2b5\ub2c8\ub2e4.",
    "result": "",
    "current_round": 1,
    "total_rounds": 3,
    "round_situations": {
      "1": "\uc880\ube44\uac00 \ubcbd\uc744 \ub6ab\uace0 \ub4e4\uc5b4\uc654\uc2b5\ub2c8\ub2e4."
    }
  },
  "3FSX": {
    "players": {
      "\u3147": {
        "submitted": false,
        "scenario": "",
        "situation": "\uac70\ub300\ud55c \ud0c0\uc784\ub8e8\ud504\uc5d0 \uac07\ud614\uc2b5\ub2c8\ub2e4.",
        "survived_count": 0,
        "rounds_results": {}
      }
    },
    "status": "started",
    "situation": "\uac70\ub300\ud55c \ud0c0\uc784\ub8e8\ud504\uc5d0 \uac07\ud614\uc2b5\ub2c8\ub2e4.",
    "result": "",
    "current_round": 1,
    "total_rounds": 3,
    "round_situations": {
      "1": "\uac70\ub300\ud55c \ud0c0\uc784\ub8e8\ud504\uc5d0 \uac07\ud614\uc2b5\ub2c8\ub2e4."
    }
  },
  "6BP5": {
    "players": {
      "\u3147": {
        "submitted": false,
        "scenario": "",
        "situation": "\ub85c\ubd07\uc774 \ubc18\ub780\uc744 \uc77c\uc73c\ucf30\uc2b5\ub2c8\ub2e4.",
        "survived_count": 0,
        "rounds_results": {}
      }
    },
    "status": "started",
    "situation": "\ub85c\ubd07\uc774 \ubc18\ub780\uc744 \uc77c\uc73c\ucf30\uc2b5\ub2c8\ub2e4.",
    "result": "",
    "current_round": 1,
    "total_rounds": 3,
    "round_situations": {
      "1": "\ub85c\ubd07\uc774 \ubc18\ub780\uc744 \uc77c\uc73c\ucf30\uc2b5\ub2c8\ub2e4."
    }
  },
  "7VUW": {
    "players": {
      "\u3147": {
        "submitted": false,
        "scenario": "",
        "situation": "\uc9c0\uc9c4\uc73c\ub85c \uac74\ubb3c\uc774 \ubb34\ub108\uc9c0\uace0 \uc788\uc2b5\ub2c8\ub2e4.",
        "survived_count": 0,
        "rounds_results": {}
      }
    },
    "status": "started",
    "situation": "\uc9c0\uc9c4\uc73c\ub85c \uac74\ubb3c\uc774 \ubb34\ub108\uc9c0\uace0 \uc788\uc2b5\ub2c8\ub2e4.",
    "result": "",
    "current_round": 1,
    "total_rounds": 3,
    "round_situations": {
      "1": "\uc9c0\uc9c4\uc73c\ub85c \uac74\ubb3c\uc774 \ubb34\ub108\uc9c0\uace0 \uc788\uc2b5\ub2c8\ub2e4."
    }
  },
  "V1EJ": {
    "players": {
      "\u3147": {
        "submitted": false,
        "scenario": "",
        "situation": "\ube44\ud589\uae30\uc5d0\uc11c \ub099\ud558\uc0b0 \uc5c6\uc774 \ub5a8\uc5b4\uc84c\uc2b5\ub2c8\ub2e4.",
        "survived_count": 0,
        "rounds_results": {}
      }
    },
    "status": "started",
    "situation": "\ube44\ud589\uae30\uc5d0\uc11c \ub099\ud558\uc0b0 \uc5c6\uc774 \ub5a8\uc5b4\uc84c\uc2b5\ub2c8\ub2e4.",
    "result": "",
    "current_round": 1,
    "total_rounds": 3,
    "round_situations": {
      "1": "\ube44\ud589\uae30\uc5d0\uc11c \ub099\ud558\uc0b0 \uc5c6\uc774 \ub5a8\uc5b4\uc84c\uc2b5\ub2c8\ub2e4."
    }
  },
  "0XNU": {
    "players": {
      "\u3147": {
        "submitted": false,
        "scenario": "",
        "situation": "\uc6b0\uc8fc\uc120 \uc0b0\uc18c\uac00 \uace0\uac08\ub418\uace0 \uc788\uc2b5\ub2c8\ub2e4.",
        "survived_count": 0,
        "rounds_results": {}
      }
    },
    "status": "started",
    "situation": "\uc6b0\uc8fc\uc120 \uc0b0\uc18c\uac00 \uace0\uac08\ub418\uace0 \uc788\uc2b5\ub2c8\ub2e4.",
    "result": "",
    "current_round": 1,
    "total_rounds": 3,
    "round_situations": {
      "1": "\uc6b0\uc8fc\uc120 \uc0b0\uc18c\uac00 \uace0\uac08\ub418\uace0 \uc788\uc2b5\ub2c8\ub2e4."
    }
  },
  "8HMB": {
    "players": {
      "\u3147": {
        "submitted": false,
        "scenario": "",
        "situation": "\uc6b0\uc8fc\uc120 \uc0b0\uc18c\uac00 \uace0\uac08\ub418\uace0 \uc788\uc2b5\ub2c8\ub2e4.",
        "survived_count": 0,
        "rounds_results": {}
      }
    },
    "status": "started",
    "situation": "\uc6b0\uc8fc\uc120 \uc0b0\uc18c\uac00 \uace0\uac08\ub418\uace0 \uc788\uc2b5\ub2c8\ub2e4.",
    "result": "",
    "current_round": 1,
    "total_rounds": 3,
    "round_situations": {
      "1": "\uc6b0\uc8fc\uc120 \uc0b0\uc18c\uac00 \uace0\uac08\ub418\uace0 \uc788\uc2b5\ub2c8\ub2e4."
    }
  },
  "JK74": {
    "players": {
      "\u3147": {
        "submitted": false,
        "scenario": "",
        "situation": "\ubc14\ub2e4 \ud55c\uac00\uc6b4\ub370\uc11c \uc0c1\uc5b4 \ub5bc\ub97c \ub9cc\ub0ac\uc2b5\ub2c8\ub2e4.",
        "survived_count": 0,
        "rounds_results": {}
      }
    },
    "status": "started",
    "situation": "\ubc14\ub2e4 \ud55c\uac00\uc6b4\ub370\uc11c \uc0c1\uc5b4 \ub5bc\ub97c \ub9cc\ub0ac\uc2b5\ub2c8\ub2e4.",
    "result": "",
    "current_round": 1,
    "total_rounds": 3,
    "round_situations": {
      "1": "\ubc14\ub2e4 \ud55c\uac00\uc6b4\ub370\uc11c \uc0c1\uc5b4 \ub5bc\ub97c \ub9cc\ub0ac\uc2b5\ub2c8\ub2e4."
    }
  },
  "BGOQ": {
    "players": {
      "\u3147": {
        "submitted": false,
        "scenario": "",
        "situation": "\uc9c0\uc9c4\uc73c\ub85c \uac74\ubb3c\uc774 \ubb34\ub108\uc9c0\uace0 \uc788\uc2b5\ub2c8\ub2e4.",
        "survived_count": 0,
        "rounds_results": {}
      }
    },
    "status": "started",
    "situation": "\uc9c0\uc9c4\uc73c\ub85c \uac74\ubb3c\uc774 \ubb34\ub108\uc9c0\uace0 \uc788\uc2b5\ub2c8\ub2e4.",
    "result": "",
    "current_round": 1,
    "total_rounds": 3,
    "round_situations": {
      "1": "\uc9c0\uc9c4\uc73c\ub85c \uac74\ubb3c\uc774 \ubb34\ub108\uc9c0\uace0 \uc788\uc2b5\ub2c8\ub2e4."
    }
  },
  "8KGA": {
    "players": {
      "\u3147": {
        "submitted": false,
        "scenario": "",
        "situation": "\ube44\ud589\uae30\uc5d0\uc11c \ub099\ud558\uc0b0 \uc5c6\uc774 \ub5a8\uc5b4\uc84c\uc2b5\ub2c8\ub2e4.",
        "survived_count": 0,
        "rounds_results": {}
      }
    },
    "status": "started",
    "situation": "\ube44\ud589\uae30\uc5d0\uc11c \ub099\ud558\uc0b0 \uc5c6\uc774 \ub5a8\uc5b4\uc84c\uc2b5\ub2c8\ub2e4.",
    "result": "",
    "current_round": 1,
    "total_rounds": 3,
    "round_situations": {
      "1": "\ube44\ud589\uae30\uc5d0\uc11c \ub099\ud558\uc0b0 \uc5c6\uc774 \ub5a8\uc5b4\uc84c\uc2b5\ub2c8\ub2e4."
    }
  },
  "VLTG": {
    "players": {
      "\u3147": {
        "submitted": false,
        "scenario": "",
        "situation": "\uac74\ubb3c\uc5d0 \ubd88\uc774 \ub0ac\uc2b5\ub2c8\ub2e4.",
        "survived_count": 0,
        "rounds_results": {}
      }
    },
    "status": "started",
    "situation": "\uac74\ubb3c\uc5d0 \ubd88\uc774 \ub0ac\uc2b5\ub2c8\ub2e4.",
    "result": "",
    "current_round": 1,
    "total_rounds": 3,
    "round_situations": {
      "1": "\uac74\ubb3c\uc5d0 \ubd88\uc774 \ub0ac\uc2b5\ub2c8\ub2e4."
    }
  },
  "2NH6": {
    "players": {
      "\u3147": {
        "submitted": false,
        "scenario": "",
        "situation": "\uc9c0\uc9c4\uc73c\ub85c \uac74\ubb3c\uc774 \ubb34\ub108\uc9c0\uace0 \uc788\uc2b5\ub2c8\ub2e4.",
        "survived_count": 0,
        "rounds_results": {}
      }
    },
    "status": "started",
    "situation": "\uc9c0\uc9c4\uc73c\ub85c \uac74\ubb3c\uc774 \ubb34\ub108\uc9c0\uace0 \uc788\uc2b5\ub2c8\ub2e4.",
    "result": "",
    "current_round": 1,
    "total_rounds": 3,
    "round_situations": {
      "1": "\uc9c0\uc9c4\uc73c\ub85c \uac74\ubb3c\uc774 \ubb34\ub108\uc9c0\uace0 \uc788\uc2b5\ub2c8\ub2e4."
    }
  },
  "VEN3": {
    "players": {
      "\u3147": {
        "submitted": false,
        "scenario": "",
        "situation": "\uac70\ub300\ud55c \ud0c0\uc784\ub8e8\ud504\uc5d0 \uac07\ud614\uc2b5\ub2c8\ub2e4.",
        "survived_count": 0,
        "rounds_results": {}
      }
    },
    "status": "started",
    "situation": "\uac70\ub300\ud55c \ud0c0\uc784\ub8e8\ud504\uc5d0 \uac07\ud614\uc2b5\ub2c8\ub2e4.",
    "result": "",
    "current_round": 1,
    "total_rounds": 3,
    "round_situations": {
      "1": "\uac70\ub300\ud55c \ud0c0\uc784\ub8e8\ud504\uc5d0 \uac07\ud614\uc2b5\ub2c8\ub2e4."
    }
  },
  "0Q0N": {
    "players": {
      "\u3147": {
        "submitted": false,
        "scenario": "",
        "situation": "\uc0ac\uc790\uac00 \ucad3\uc544\uc624\uace0 \uc788\uc2b5\ub2c8\ub2e4.",
        "survived_count": 0,
        "rounds_results": {}
      }
    },
    "status": "started",
    "situation": "\uc0ac\uc790\uac00 \ucad3\uc544\uc624\uace0 \uc788\uc2b5\ub2c8\ub2e4.",
    "result": "",
    "current_round": 1,
    "total_rounds": 3,
    "round_situations": {
      "1": "\uc0ac\uc790\uac00 \ucad3\uc544\uc624\uace0 \uc788\uc2b5\ub2c8\ub2e4."
    }
  },
  "DDQB": {
    "players": {
      "\u3147": {
        "submitted": false,
        "scenario": "",
        "situation": "\ubc14\ub2e4 \ud55c\uac00\uc6b4\ub370\uc11c \uc0c1\uc5b4 \ub5bc\ub97c \ub9cc\ub0ac\uc2b5\ub2c8\ub2e4.",
        "survived_count": 0,
        "rounds_results": {}
      }
    },
    "status": "started",
    "situation": "\ubc14\ub2e4 \ud55c\uac00\uc6b4\ub370\uc11c \uc0c1\uc5b4 \ub5bc\ub97c \ub9cc\ub0ac\uc2b5\ub2c8\ub2e4.",
    "result": "",
    "current_round": 1,
    "total_rounds": 3,
    "round_situations": {
      "1": "\ubc14\ub2e4 \ud55c\uac00\uc6b4\ub370\uc11c \uc0c1\uc5b4 \ub5bc\ub97c \ub9cc\ub0ac\uc2b5\ub2c8\ub2e4."
    }
  },
  "MYHV": {
    "players": {
      "\u3147": {
        "submitted": false,
        "scenario": "",
        "situation": "\uc880\ube44\uac00 \ubcbd\uc744 \ub6ab\uace0 \ub4e4\uc5b4\uc654\uc2b5\ub2c8\ub2e4.",
        "survived_count": 0,
        "rounds_results": {}
      }
    },
    "status": "started",
    "situation": "\uc880\ube44\uac00 \ubcbd\uc744 \ub6ab\uace0 \ub4e4\uc5b4\uc654\uc2b5\ub2c8\ub2e4.",
    "result": "",
    "current_round": 1,
    "total_rounds": 3,
    "round_situations": {
      "1": "\uc880\ube44\uac00 \ubcbd\uc744 \ub6ab\uace0 \ub4e4\uc5b4\uc654\uc2b5\ub2c8\ub2e4."
    }
  },
  "TX6S": {
    "players": {
      "\u3147": {
        "submitted": false,
        "scenario": "",
        "situation": "\uac70\ub300\ud55c \ud0c0\uc784\ub8e8\ud504\uc5d0 \uac07\ud614\uc2b5\ub2c8\ub2e4.",
        "survived_count": 0,
        "rounds_results": {}
      }
    },
    "status": "started",
    "situation": "\uac70\ub300\ud55c \ud0c0\uc784\ub8e8\ud504\uc5d0 \uac07\ud614\uc2b5\ub2c8\ub2e4.",
    "result": "",
    "current_round": 1,
    "total_rounds": 3,
    "round_situations": {
      "1": "\uac70\ub300\ud55c \ud0c0\uc784\ub8e8\ud504\uc5d0 \uac07\ud614\uc2b5\ub2c8\ub2e4."
    }
  },
  "YYQJ": {
    "players": {
      "\u3147": {
        "submitted": false,
        "scenario": "",
        "situation": "\uc880\ube44\uac00 \ubcbd\uc744 \ub6ab\uace0 \ub4e4\uc5b4\uc654\uc2b5\ub2c8\ub2e4.",
        "survived_count": 0,
        "rounds_results": {}
      }
    },
    "status": "started",
    "situation": "\uc880\ube44\uac00 \ubcbd\uc744 \ub6ab\uace0 \ub4e4\uc5b4\uc654\uc2b5\ub2c8\ub2e4.",
    "result": "",
    "current_round": 1,
    "total_rounds": 3,
    "round_situations": {
      "1": "\uc880\ube44\uac00 \ubcbd\uc744 \ub6ab\uace0 \ub4e4\uc5b4\uc654\uc2b5\ub2c8\ub2e4."
    }
  },
  "5O6Z": {
    "players": {
      "\u3147": {
        "submitted": false,
        "scenario": "",
        "situation": "\ub208\ub36e\uc778 \uc0b0\uc18d\uc5d0 \uace0\ub9bd\ub418\uc5c8\uc2b5\ub2c8\ub2e4.",
        "survived_count": 0,
        "rounds_results": {}
      }
    },
    "status": "started",
    "situation": "\ub208\ub36e\uc778 \uc0b0\uc18d\uc5d0 \uace0\ub9bd\ub418\uc5c8\uc2b5\ub2c8\ub2e4.",
    "result": "",
    "current_round": 1,
    "total_rounds": 3,
    "round_situations": {
      "1": "\ub208\ub36e\uc778 \uc0b0\uc18d\uc5d0 \uace0\ub9bd\ub418\uc5c8\uc2b5\ub2c8\ub2e4."
    }
  },
  "83HG": {
    "players": {
      "\u3147": {
        "submitted": false,
        "scenario": "",
        "situation": "\ub208\ub36e\uc778 \uc0b0\uc18d\uc5d0 \uace0\ub9bd\ub418\uc5c8\uc2b5\ub2c8\ub2e4.",
        "survived_count": 0,
        "rounds_results": {}
      }
    },
    "status": "started",
    "situation": "\ub208\ub36e\uc778 \uc0b0\uc18d\uc5d0 \uace0\ub9bd\ub418\uc5c8\uc2b5\ub2c8\ub2e4.",
    "result": "",
    "current_round": 1,
    "total_rounds": 3,
    "round_situations": {
      "1": "\ub208\ub36e\uc778 \uc0b0\uc18d\uc5d0 \uace0\ub9bd\ub418\uc5c8\uc2b5\ub2c8\ub2e4."
    }
  },
  "27D5": {
    "players": {
      "\u3147": {
        "submitted": false,
        "scenario": "",
        "situation": "\uc6b0\uc8fc\uc120 \uc0b0\uc18c\uac00 \uace0\uac08\ub418\uace0 \uc788\uc2b5\ub2c8\ub2e4.",
        "survived_count": 0,
        "rounds_results": {}
      }
    },
    "status": "started",
    "situation": "\uc6b0\uc8fc\uc120 \uc0b0\uc18c\uac00 \uace0\uac08\ub418\uace0 \uc788\uc2b5\ub2c8\ub2e4.",
    "result": "",
    "current_round": 1,
    "total_rounds": 3,
    "round_situations": {
      "1": "\uc6b0\uc8fc\uc120 \uc0b0\uc18c\uac00 \uace0\uac08\ub418\uace0 \uc788\uc2b5\ub2c8\ub2e4."
    }
  },
  "BV15": {
    "players": {
      "\u3147": {
        "submitted": false,
        "scenario": "",
        "situation": "\uc6b0\uc8fc\uc120 \uc0b0\uc18c\uac00 \uace0\uac08\ub418\uace0 \uc788\uc2b5\ub2c8\ub2e4.",
        "survived_count": 0,
        "rounds_results": {}
      }
    },
    "status": "started",
    "situation": "\uc6b0\uc8fc\uc120 \uc0b0\uc18c\uac00 \uace0\uac08\ub418\uace0 \uc788\uc2b5\ub2c8\ub2e4.",
    "result": "",
    "current_round": 1,
    "total_rounds": 3,
    "round_situations": {
      "1": "\uc6b0\uc8fc\uc120 \uc0b0\uc18c\uac00 \uace0\uac08\ub418\uace0 \uc788\uc2b5\ub2c8\ub2e4."
    }
  },
  "62ME": {
    "players": {
      "\u3147": {
        "submitted": false,
        "scenario": "",
        "situation": "\uc6b0\uc8fc\uc120 \uc0b0\uc18c\uac00 \uace0\uac08\ub418\uace0 \uc788\uc2b5\ub2c8\ub2e4.",
        "survived_count": 0,
        "rounds_results": {}
      }
    },
    "status": "started",
    "situation": "\uc6b0\uc8fc\uc120 \uc0b0\uc18c\uac00 \uace0\uac08\ub418\uace0 \uc788\uc2b5\ub2c8\ub2e4.",
    "result": "",
    "current_round": 1,
    "total_rounds": 3,
    "round_situations": {
      "1": "\uc6b0\uc8fc\uc120 \uc0b0\uc18c\uac00 \uace0\uac08\ub418\uace0 \uc788\uc2b5\ub2c8\ub2e4."
    }
  },
  "R8Z9": {
    "players": {
      "\u3147": {
        "submitted": false,
        "scenario": "",
        "situation": "\uc0ac\uc790\uac00 \ucad3\uc544\uc624\uace0 \uc788\uc2b5\ub2c8\ub2e4.",
        "survived_count": 0,
        "rounds_results": {}
      }
    },
    "status": "started",
    "situation": "\uc0ac\uc790\uac00 \ucad3\uc544\uc624\uace0 \uc788\uc2b5\ub2c8\ub2e4.",
    "result": "",
    "current_round": 1,
    "total_rounds": 3,
    "round_situations": {
      "1": "\uc0ac\uc790\uac00 \ucad3\uc544\uc624\uace0 \uc788\uc2b5\ub2c8\ub2e4."
    }
  },
  "ZD8H": {
    "players": {
      "\u3147": {
        "submitted": false,
        "scenario": "",
        "situation": "",
        "survived_count": 0,
        "rounds_results": {}
      }
    },
    "status": "waiting",
    "situation": "",
    "result": "",
    "current_round": 1,
    "total_rounds": 3,
    "round_situations": {}
  },
  "BMT0": {
    "players": {
      "\u3147": {
        "submitted": false,
        "scenario": "",
        "situation": "\ubc14\ub2e4 \ud55c\uac00\uc6b4\ub370\uc11c \uc0c1\uc5b4 \ub5bc\ub97c \ub9cc\ub0ac\uc2b5\ub2c8\ub2e4.",
        "survived_count": 0,
        "rounds_results": {}
      }
    },
    "status": "started",
    "situation": "\ubc14\ub2e4 \ud55c\uac00\uc6b4\ub370\uc11c \uc0c1\uc5b4 \ub5bc\ub97c \ub9cc\ub0ac\uc2b5\ub2c8\ub2e4.",
    "result": "",
    "current_round": 1,
    "total_rounds": 3,
    "round_situations": {
      "1": "\ubc14\ub2e4 \ud55c\uac00\uc6b4\ub370\uc11c \uc0c1\uc5b4 \ub5bc\ub97c \ub9cc\ub0ac\uc2b5\ub2c8\ub2e4."
    }
  },
  "DUNM": {
    "players": {
      "\u3147": {
        "submitted": false,
        "scenario": "",
        "situation": "\ub85c\ubd07\uc774 \ubc18\ub780\uc744 \uc77c\uc73c\ucf30\uc2b5\ub2c8\ub2e4.",
        "survived_count": 0,
        "rounds_results": {}
      }
    },
    "status": "started",
    "situation": "\ub85c\ubd07\uc774 \ubc18\ub780\uc744 \uc77c\uc73c\ucf30\uc2b5\ub2c8\ub2e4.",
    "result": "",
    "current_round": 1,
    "total_rounds": 3,
    "round_situations": {
      "1": "\ub85c\ubd07\uc774 \ubc18\ub780\uc744 \uc77c\uc73c\ucf30\uc2b5\ub2c8\ub2e4."
    }
  },
  "HPLU": {
    "players": {
      "\u3147": {
        "submitted": false,
        "scenario": "",
        "situation": "\uc880\ube44\uac00 \ubcbd\uc744 \ub6ab\uace0 \ub4e4\uc5b4\uc654\uc2b5\ub2c8\ub2e4.",
        "survived_count": 0,
        "rounds_results": {}
      }
    },
    "status": "started",
    "situation": "\uc880\ube44\uac00 \ubcbd\uc744 \ub6ab\uace0 \ub4e4\uc5b4\uc654\uc2b5\ub2c8\ub2e4.",
    "result": "",
    "current_round": 1,
    "total_rounds": 3,
    "round_situations": {
      "1": "\uc880\ube44\uac00 \ubcbd\uc744 \ub6ab\uace0 \ub4e4\uc5b4\uc654\uc2b5\ub2c8\ub2e4."
    }
  },
  "L72G": {
    "players": {
      "\u3147": {
        "submitted": false,
        "scenario": "",
        "situation": "\uac74\ubb3c\uc5d0 \ubd88\uc774 \ub0ac\uc2b5\ub2c8\ub2e4.",
        "survived_count": 0,
        "rounds_results": {}
      }
    },
    "status": "started",
    "situation": "\uac74\ubb3c\uc5d0 \ubd88\uc774 \ub0ac\uc2b5\ub2c8\ub2e4.",
    "result": "",
    "current_round": 1,
    "total_rounds": 3,
    "round_situations": {
      "1": "\uac74\ubb3c\uc5d0 \ubd88\uc774 \ub0ac\uc2b5\ub2c8\ub2e4."
    }
  },
  "1UC9": {
    "players": {
      "\u3147": {
        "submitted": false,
        "scenario": "",
        "situation": "\ub208\ub36e\uc778 \uc0b0\uc18d\uc5d0 \uace0\ub9bd\ub418\uc5c8\uc2b5\ub2c8\ub2e4.",
        "survived_count": 0,
        "rounds_results": {}
      }
    },
    "status": "started",
    "situation": "\ub208\ub36e\uc778 \uc0b0\uc18d\uc5d0 \uace0\ub9bd\ub418\uc5c8\uc2b5\ub2c8\ub2e4.",
    "result": "",
    "current_round": 1,
    "total_rounds": 3,
    "round_situations": {
      "1": "\ub208\ub36e\uc778 \uc0b0\uc18d\uc5d0 \uace0\ub9bd\ub418\uc5c8\uc2b5\ub2c8\ub2e4."
    }
  },
  "4TC8": {
    "players": {
      "\u3147\u3145\u3147": {
        "submitted": false,
        "scenario": "",
        "situation": "\uc6b0\uc8fc\uc120 \uc0b0\uc18c\uac00 \uace0\uac08\ub418\uace0 \uc788\uc2b5\ub2c8\ub2e4.",
        "survived_count": 0,
        "rounds_results": {}
      }
    },
    "status": "started",
    "situation": "\uc6b0\uc8fc\uc120 \uc0b0\uc18c\uac00 \uace0\uac08\ub418\uace0 \uc788\uc2b5\ub2c8\ub2e4.",
    "result": "",
    "current_round": 1,
    "total_rounds": 3,
    "round_situations": {
      "1": "\uc6b0\uc8fc\uc120 \uc0b0\uc18c\uac00 \uace0\uac08\ub418\uace0 \uc788\uc2b5\ub2c8\ub2e4."
    }
  },
  "5CN4": {
    "players": {
      "\u3147": {
        "submitted": false,
        "scenario": "",
        "situation": "\ub208\ub36e\uc778 \uc0b0\uc18d\uc5d0 \uace0\ub9bd\ub418\uc5c8\uc2b5\ub2c8\ub2e4.",
        "survived_count": 0,
        "rounds_results": {}
      }
    },
    "status": "started",
    "situation": "\ub208\ub36e\uc778 \uc0b0\uc18d\uc5d0 \uace0\ub9bd\ub418\uc5c8\uc2b5\ub2c8\ub2e4.",
    "result": "",
    "current_round": 1,
    "total_rounds": 3,
    "round_situations": {
      "1": "\ub208\ub36e\uc778 \uc0b0\uc18d\uc5d0 \uace0\ub9bd\ub418\uc5c8\uc2b5\ub2c8\ub2e4."
    }
  },
  "KX09": {
    "players": {
      "\u3147": {
        "submitted": false,
        "scenario": "",
        "situation": "\uc0ac\uc790\uac00 \ucad3\uc544\uc624\uace0 \uc788\uc2b5\ub2c8\ub2e4.",
        "survived_count": 0,
        "rounds_results": {}
      }
    },
    "status": "started",
    "situation": "\uc0ac\uc790\uac00 \ucad3\uc544\uc624\uace0 \uc788\uc2b5\ub2c8\ub2e4.",
    "result": "",
    "current_round": 1,
    "total_rounds": 3,
    "round_situations": {
      "1": "\uc0ac\uc790\uac00 \ucad3\uc544\uc624\uace0 \uc788\uc2b5\ub2c8\ub2e4."
    }
  },
  "778P": {
    "players": {
      "\u3147": {
        "submitted": false,
        "scenario": "",
        "situation": "\uac70\ub300\ud55c \ud0c0\uc784\ub8e8\ud504\uc5d0 \uac07\ud614\uc2b5\ub2c8\ub2e4.",
        "survived_count": 0,
        "rounds_results": {}
      }
    },
    "status": "started",
    "situation": "\uac70\ub300\ud55c \ud0c0\uc784\ub8e8\ud504\uc5d0 \uac07\ud614\uc2b5\ub2c8\ub2e4.",
    "result": "",
    "current_round": 1,
    "total_rounds": 3,
    "round_situations": {
      "1": "\uac70\ub300\ud55c \ud0c0\uc784\ub8e8\ud504\uc5d0 \uac07\ud614\uc2b5\ub2c8\ub2e4."
    }
  },
  "L7AG": {
    "players": {
      "\u3147": {
        "submitted": false,
        "scenario": "",
        "situation": "\uc0ac\uc790\uac00 \ucad3\uc544\uc624\uace0 \uc788\uc2b5\ub2c8\ub2e4.",
        "survived_count": 0,
        "rounds_results": {}
      }
    },
    "status": "started",
    "situation": "\uc0ac\uc790\uac00 \ucad3\uc544\uc624\uace0 \uc788\uc2b5\ub2c8\ub2e4.",
    "result": "",
    "current_round": 1,
    "total_rounds": 3,
    "round_situations": {
      "1": "\uc0ac\uc790\uac00 \ucad3\uc544\uc624\uace0 \uc788\uc2b5\ub2c8\ub2e4."
    }
  },
  "8SL2": {
    "players": {
      "\u3147": {
        "submitted": false,
        "scenario": "",
        "situation": "\ub208\ub36e\uc778 \uc0b0\uc18d\uc5d0 \uace0\ub9bd\ub418\uc5c8\uc2b5\ub2c8\ub2e4.",
        "survived_count": 0,
        "rounds_results": {}
      }
    },
    "status": "started",
    "situation": "\ub208\ub36e\uc778 \uc0b0\uc18d\uc5d0 \uace0\ub9bd\ub418\uc5c8\uc2b5\ub2c8\ub2e4.",
    "result": "",
    "current_round": 1,
    "total_rounds": 3,
    "round_situations": {
      "1": "\ub208\ub36e\uc778 \uc0b0\uc18d\uc5d0 \uace0\ub9bd\ub418\uc5c8\uc2b5\ub2c8\ub2e4."
    }
  },
  "8QL5": {
    "players": {
      "\u3147": {
        "submitted": false,
        "scenario": "",
        "situation": "\uc880\ube44\uac00 \ubcbd\uc744 \ub6ab\uace0 \ub4e4\uc5b4\uc654\uc2b5\ub2c8\ub2e4.",
        "survived_count": 0,
        "rounds_results": {}
      }
    },
    "status": "started",
    "situation": "\uc880\ube44\uac00 \ubcbd\uc744 \ub6ab\uace0 \ub4e4\uc5b4\uc654\uc2b5\ub2c8\ub2e4.",
    "result": "",
    "current_round": 1,
    "total_rounds": 3,
    "round_situations": {
      "1": "\uc880\ube44\uac00 \ubcbd\uc744 \ub6ab\uace0 \ub4e4\uc5b4\uc654\uc2b5\ub2c8\ub2e4."
    }
  },
  "FKMS": {
    "players": {
      "\u3147": {
        "submitted": false,
        "scenario": "",
        "situation": "\uc0ac\uc790\uac00 \ucad3\uc544\uc624\uace0 \uc788\uc2b5\ub2c8\ub2e4.",
        "survived_count": 0,
        "rounds_results": {}
      }
    },
    "status": "started",
    "situation": "\uc0ac\uc790\uac00 \ucad3\uc544\uc624\uace0 \uc788\uc2b5\ub2c8\ub2e4.",
    "result": "",
    "current_round": 1,
    "total_rounds": 3,
    "round_situations": {
      "1": "\uc0ac\uc790\uac00 \ucad3\uc544\uc624\uace0 \uc788\uc2b5\ub2c8\ub2e4."
    }
  },
  "7K1R": {
    "players": {
      "\u3147": {
        "submitted": false,
        "scenario": "",
        "situation": "\ub85c\ubd07\uc774 \ubc18\ub780\uc744 \uc77c\uc73c\ucf30\uc2b5\ub2c8\ub2e4.",
        "survived_count": 0,
        "rounds_results": {}
      }
    },
    "status": "started",
    "situation": "\ub85c\ubd07\uc774 \ubc18\ub780\uc744 \uc77c\uc73c\ucf30\uc2b5\ub2c8\ub2e4.",
    "result": "",
    "current_round": 1,
    "total_rounds": 3,
    "round_situations": {
      "1": "\ub85c\ubd07\uc774 \ubc18\ub780\uc744 \uc77c\uc73c\ucf30\uc2b5\ub2c8\ub2e4."
    }
  },
  "Y9X9": {
    "players": {
      "\u3147": {
        "submitted": false,
        "scenario": "",
        "situation": "\ub208\ub36e\uc778 \uc0b0\uc18d\uc5d0 \uace0\ub9bd\ub418\uc5c8\uc2b5\ub2c8\ub2e4.",
        "survived_count": 0,
        "rounds_results": {}
      }
    },
    "status": "started",
    "situation": "\ub208\ub36e\uc778 \uc0b0\uc18d\uc5d0 \uace0\ub9bd\ub418\uc5c8\uc2b5\ub2c8\ub2e4.",
    "result": "",
    "current_round": 1,
    "total_rounds": 3,
    "round_situations": {
      "1": "\ub208\ub36e\uc778 \uc0b0\uc18d\uc5d0 \uace0\ub9bd\ub418\uc5c8\uc2b5\ub2c8\ub2e4."
    }
  },
  "7KPB": {
    "players": {
      "\u3147": {
        "submitted": false,
        "scenario": "",
        "situation": "\ube44\ud589\uae30\uc5d0\uc11c \ub099\ud558\uc0b0 \uc5c6\uc774 \ub5a8\uc5b4\uc84c\uc2b5\ub2c8\ub2e4.",
        "survived_count": 0,
        "rounds_results": {}
      }
    },
    "status": "started",
    "situation": "\ube44\ud589\uae30\uc5d0\uc11c \ub099\ud558\uc0b0 \uc5c6\uc774 \ub5a8\uc5b4\uc84c\uc2b5\ub2c8\ub2e4.",
    "result": "",
    "current_round": 1,
    "total_rounds": 3,
    "round_situations": {
      "1": "\ube44\ud589\uae30\uc5d0\uc11c \ub099\ud558\uc0b0 \uc5c6\uc774 \ub5a8\uc5b4\uc84c\uc2b5\ub2c8\ub2e4."
    }
  },
  "DSBC": {
    "players": {
      "\u3147": {
        "submitted": false,
        "scenario": "",
        "situation": "\ube44\ud589\uae30\uc5d0\uc11c \ub099\ud558\uc0b0 \uc5c6\uc774 \ub5a8\uc5b4\uc84c\uc2b5\ub2c8\ub2e4.",
        "survived_count": 0,
        "rounds_results": {}
      }
    },
    "status": "started",
    "situation": "\ube44\ud589\uae30\uc5d0\uc11c \ub099\ud558\uc0b0 \uc5c6\uc774 \ub5a8\uc5b4\uc84c\uc2b5\ub2c8\ub2e4.",
    "result": "",
    "current_round": 1,
    "total_rounds": 3,
    "round_situations": {
      "1": "\ube44\ud589\uae30\uc5d0\uc11c \ub099\ud558\uc0b0 \uc5c6\uc774 \ub5a8\uc5b4\uc84c\uc2b5\ub2c8\ub2e4."
    }
  },
  "5LMN": {
    "players": {
      "\u3147": {
        "submitted": false,
        "scenario": "",
        "situation": "\ube44\ud589\uae30\uc5d0\uc11c \ub099\ud558\uc0b0 \uc5c6\uc774 \ub5a8\uc5b4\uc84c\uc2b5\ub2c8\ub2e4.",
        "survived_count": 0,
        "rounds_results": {}
      }
    },
    "status": "started",
    "situation": "\ube44\ud589\uae30\uc5d0\uc11c \ub099\ud558\uc0b0 \uc5c6\uc774 \ub5a8\uc5b4\uc84c\uc2b5\ub2c8\ub2e4.",
    "result": "",
    "current_round": 1,
    "total_rounds": 3,
    "round_situations": {
      "1": "\ube44\ud589\uae30\uc5d0\uc11c \ub099\ud558\uc0b0 \uc5c6\uc774 \ub5a8\uc5b4\uc84c\uc2b5\ub2c8\ub2e4."
    }
  },
  "ZPP7": {
    "players": {
      "\u3147": {
        "submitted": false,
        "scenario": "",
        "situation": "\ub208\ub36e\uc778 \uc0b0\uc18d\uc5d0 \uace0\ub9bd\ub418\uc5c8\uc2b5\ub2c8\ub2e4.",
        "survived_count": 0,
        "rounds_results": {}
      }
    },
    "status": "started",
    "situation": "\ub208\ub36e\uc778 \uc0b0\uc18d\uc5d0 \uace0\ub9bd\ub418\uc5c8\uc2b5\ub2c8\ub2e4.",
    "result": "",
    "current_round": 1,
    "total_rounds": 3,
    "round_situations": {
      "1": "\ub208\ub36e\uc778 \uc0b0\uc18d\uc5d0 \uace0\ub9bd\ub418\uc5c8\uc2b5\ub2c8\ub2e4."
    }
  },
  "RYOM": {
    "players": {
      "\u3147": {
        "submitted": false,
        "scenario": "",
        "situation": "",
        "survived_count": 0,
        "rounds_results": {}
      }
    },
    "status": "started",
    "situation": "",
    "result": "",
    "current_round": 1,
    "total_rounds": 3,
    "round_situations": {}
  },
  "YR48": {
    "players": {
      "\u3147": {
        "submitted": false,
        "scenario": "",
        "situation": "",
        "survived_count": 0,
        "rounds_results": {}
      }
    },
    "status": "started",
    "situation": "",
    "result": "",
    "current_round": 1,
    "total_rounds": 3,
    "round_situations": {}
  },
  "1RUO": {
    "players": {
      "\u3147": {
        "submitted": false,
        "scenario": "",
        "situation": "",
        "survived_count": 0,
        "rounds_results": {}
      }
    },
    "status": "started",
    "situation": "",
    "result": "",
    "current_round": 1,
    "total_rounds": 3,
    "round_situations": {}
  },
  "69FW": {
    "players": {
      "\u3147": {
        "submitted": false,
        "scenario": "",
        "situation": "\uc880\ube44\uac00 \ubcbd\uc744 \ub6ab\uace0 \ub4e4\uc5b4\uc654\uc2b5\ub2c8\ub2e4.",
        "survived_count": 0,
        "rounds_results": {}
      }
    },
    "status": "started",
    "situation": "",
    "result": "",
    "current_round": 1,
    "total_rounds": 3,
    "round_situations": {}
  },
  "Y2CC": {
    "players": {
      "\u3147": {
        "submitted": false,
        "scenario": "",
        "situation": "\ub208\ub36e\uc778 \uc0b0\uc18d\uc5d0 \uace0\ub9bd\ub418\uc5c8\uc2b5\ub2c8\ub2e4.",
        "survived_count": 0,
        "rounds_results": {}
      }
    },
    "status": "started",
    "situation": "",
    "result": "",
    "current_round": 1,
    "total_rounds": 3,
    "round_situations": {}
  },
  "W614": {
    "players": {
      "\u3147": {
        "submitted": false,
        "scenario": "",
        "situation": "\ub208\ub36e\uc778 \uc0b0\uc18d\uc5d0 \uace0\ub9bd\ub418\uc5c8\uc2b5\ub2c8\ub2e4.",
        "survived_count": 0,
        "rounds_results": {}
      }
    },
    "status": "started",
    "situation": "",
    "result": "",
    "current_round": 1,
    "total_rounds": 3,
    "round_situations": {},
    "results": {
      "1": "- \u3147: \uc0ac\ub9dd. \ub208\ub36e\uc778 \uc0b0\uc18d \uc18d\uc5d0\uc11c \uc544\ubb34\ub3c4 \ucc3e\uc544\uc8fc\uc9c0 \uc54a\uc558\uc2b5\ub2c8\ub2e4. \uc783\uc5b4\ubc84\ub9b0 \uc120\uae00\ub77c\uc2a4\ub97c \ucc3e\uc73c\ub824\ub2e4 \ub208\ub3d9\uc790\uac00 \uc5bc\uc5b4\ubd99\uc5c8\uc2b5\ub2c8\ub2e4..."
    }
  },
  "PP95": {
    "players": {
      "\u3147": {
        "submitted": false,
        "scenario": "",
        "situation": "\uac74\ubb3c\uc5d0 \ubd88\uc774 \ub0ac\uc2b5\ub2c8\ub2e4.",
        "survived_count": 1,
        "rounds_results": {}
      }
    },
    "status": "started",
    "situation": "",
    "result": "",
    "current_round": 1,
    "total_rounds": 3,
    "round_situations": {},
    "results": {
      "1": "- \u3147: \uc0ac\ub78c\uc744 \uc0bc\ucf30\ub2e4...\n- \ud53c\ud130: \uc0ac\ub9dd. \ubd88\uc5d0 \ub6f0\uc5b4\ub4e4\ub2e4\uac00 \ub354 \ub728\uac70\uc6b4 \uac83\uc744 \ub9cc\ub0ac\ub2e4...\n- \ub77c\ub77c: \uc0dd\uc874. \ubd88\uc744 \uaebc\ub0b4\uae30 \uc704\ud574 \ub9c8\ubc95\uc744 \uc0ac\uc6a9\ud588\ub2e4!"
    }
  },
  "KQHP": {
    "players": {
      "\u3147\u3145\u3147": {
        "submitted": false,
        "scenario": "",
        "situation": "\uac70\ub300\ud55c \ud0c0\uc784\ub8e8\ud504\uc5d0 \uac07\ud614\uc2b5\ub2c8\ub2e4.",
        "survived_count": 1,
        "rounds_results": {}
      }
    },
    "status": "started",
    "situation": "",
    "result": "",
    "current_round": 1,
    "total_rounds": 1,
    "round_situations": {},
    "results": {
      "1": "- \u3147\u3145\u3147: \uc0dd\uc874. \ub418\ud480\uc774\ub418\ub294 \uc2dc\uac04 \uc18d\uc5d0\uc11c \ubbf8\ub798\ub97c \uc608\uce21\ud558\uc5ec \ubaa8\ub4e0 \ud568\uc815\uc744 \ud53c\ud574 \ub098\uac14\ub2e4!"
    }
  },
  "APG7": {
    "players": {
      "\u3147\u3145\u3147": {
        "submitted": false,
        "scenario": "",
        "situation": "\uc9c0\uc9c4\uc73c\ub85c \uac74\ubb3c\uc774 \ubb34\ub108\uc9c0\uace0 \uc788\uc2b5\ub2c8\ub2e4.",
        "survived_count": 0,
        "rounds_results": {}
      }
    },
    "status": "started",
    "situation": "",
    "result": "",
    "current_round": 1,
    "total_rounds": 3,
    "round_situations": {},
    "results": {
      "1": "- \u3147\u3145\u3147: \uc0ac\ub9dd. \uac74\ubb3c\uc774 \ubb34\ub108\uc838\ub3c4 \uc5bc\uad74\uc744 \ub9cc\uc9c0\uba74\uc11c '\uc140\uce74 \ucc0d\uace0 \uc788\ub2e4'\uace0 \uc678\ucce4\ub2e4..."
    }
  }
}